col,revenue
12,285165737.48085874
14,232127505.20126164
16,228148092.8929122
18,85498156.78867838
27,93525248.91539982
28,177265480.01034746
35,103727082.06316312
36,111616528.04436272
37,116603345.3875798
53,118861069.73368739
80,101444429.6401404
99,8533454.674896052
878,183834726.64793184
9648,110924753.42748424
10402,93363598.68634792
10749,101922491.46560988
10751,231214272.6593007
10752,90243430.32651623
10769,2863544.6706393687
10770,78339770.5544933
